hospital_id,name,location,area,contact,lat,lon,rating,price_range,doctors,blood_stock,ambulances,icu_available,beds_available,emergency_services,disease_cases
1,Max Super Speciality Hospital,Viraj Khand,Viraj Khand- Gomti Nagar,0522-2670487,26.8590,81.0140,4.5,500-1200,Dr.Hriday Nath Tripathi:General:49:900|Dr.Swadesh Kumar Singh:General:27:800|Dr.A K Awasthi:General:36:800|Dr.Deepali Mohanty:General:29:800|Dr.Sushil Kumar Gupta:General:42:850|Dr.Sunil Verma:General:25:750|Dr.Samir Mishra:General:20:700|Dr.Niraj Agarwal:General:14:600|Dr.Bhumika Bansal:Gynecology:17:900|Dr.Alok Srivastava:Pulmonology:22:1000,A+:19|A-:18|B+:12|B-:15|O+:19|O-:17|AB+:4|AB-:9,UP32-AB-1001:Suresh Gupta:9839345092|UP32-AB-1002:Neha Rastogi:9890801586,Yes,393,Yes,"Arthritis:3,Tuberculosis:13,Asthma:30,Hypertension:24,Allergy:20,Accident/Trauma:12"
2,Cloudnine Hospital,Gomtinagar,Gomtinagar,0522-2225772,26.8624,81.0203,3.5,800-1000,Dr.Ruchi Garg:Gynecology:22:1000|Dr.Anjana Jain:Gynecology:25:1100|Dr.Tanima Shukla:Gynecology:13:900|Dr.Fareha Khatoon:Gynecology:17:950|Dr.Richa Gangwar:Gynecology:21:1000|Dr.Arun Gautam:Pediatrics:13:900|Dr.Sadia Mansoor:Gynecology:14:950|Dr.Shreshtha Jain:Radiology:10:800,A+:17|A-:10|B+:14|B-:13|O+:16|O-:5|AB+:15|AB-:2,UP32-AB-1003:Rahul Dubey:9820576383|UP32-AB-1004:Manoj Mehrotra:9894374605|UP32-AB-1005:Nisha Chaturvedi:9835808537|UP32-AB-1006:Sunita Verma:9898753260,Yes,109,Yes,"Dengue:26,Asthma:13,Malaria:26,Diabetes:25,Accident/Trauma:16,Fracture:20,Skin Infection:7"
3,Apollomedics Super Speciality Hospital,LDA Colony,LDA Colony- Kanpur Road,0522-2638720,26.7982,80.9015,4.0,700-5000,Dr.Gopal Poduval:Neurology:46:1200|Dr.Archana Kumar:Pediatrics:52:900,A+:7|A-:6|B+:12|B-:18|O+:10|O-:25|AB+:10|AB-:8,UP32-AB-1007:Priya Srivastava:9814308421|UP32-AB-1008:Deepak Dubey:9845935572|UP32-AB-1009:Sunita Mishra:9886125617,Yes,384,Yes,"Typhoid:37,Jaundice:19,Accident/Trauma:40,Hypertension:30,Dengue:40,Malaria:28,Chicken Pox:26,Migraine:17"
4,Charak Hospital,Dubagga,Dubagga,0522-2145051,26.8840,80.8660,4.5,250-800,Dr.Zeeshan Ahmad:ENT:15:500|Dr.Anuj Yadav:General:19:400|Dr.Abhijat Mishra:General:18:400|Dr.Sumit Saraswat:General:14:350|Dr.Komal Agarwal:General:9:300|Dr.Mohd Tauseef Khan:General:11:320,A+:9|A-:11|B+:14|B-:12|O+:4|O-:4|AB+:10|AB-:13,UP32-AB-1010:Pankaj Rastogi:9843744231|UP32-AB-1011:Rajesh Tripathi:9825374874|UP32-AB-1012:Anita Bhargava:9896028436,Yes,114,Yes,"Tuberculosis:35,Heart Attack:14,Jaundice:35,Fever:9,Chicken Pox:22,Arthritis:35,Accident/Trauma:15"
5,Chandan Hospital,Gomti Nagar,Gomti Nagar,0522-2346479,26.8640,81.0000,4.0,400-2000,Dr.Kavita Trivedi:Pediatrics:39:1000|Dr.Rajesh Awasthi:Ophthalmology:36:250|Dr.Rahul Trivedi:Gastroenterology:20:250|Dr.Pooja Chaturvedi:Orthopedics:10:800|Dr.Aman Mehrotra:Orthopedics:39:1000|Dr.Arjun Malhotra:General Surgery:40:300|Dr.Rakesh Rastogi:Urology:18:600|Dr.Garima Saksena:Gastroenterology:30:800|Dr.Nisha Pathak:Infertility:33:250|Dr.Pooja Srivastava:Orthopedics:26:250|Dr.Neha Chaturvedi:ENT:5:250|Dr.Priya Srivastava:Orthopedics:7:1000,A+:15|A-:13|B+:9|B-:8|O+:21|O-:22|AB+:5|AB-:9,UP32-AB-1013:Varun Mishra:9822660194|UP32-AB-1014:Meera Tripathi:9867854710|UP32-AB-1015:Alok Saxena:9865177213,No,346,Yes,"Malaria:9,Pneumonia:18,Typhoid:15,Chicken Pox:15,Heart Attack:37"
6,Shekhar Hospital,Shakti Khand III,Shakti Khand III- Indira Nagar,0522-2987335,26.8780,80.9860,4.3,300-1200,Dr.Ajay Malhotra:Urology:16:400|Dr.Pankaj Srivastava:Orthopedics:33:1000|Dr.Meera Verma:Cardiology:10:1000|Dr.Pooja Yadav:Urology:36:500|Dr.Anil Sinha:Nephrology:8:300|Dr.Rohit Sharma:Nephrology:21:1000|Dr.Pankaj Pandey:Urology:40:800|Dr.Aman Malhotra:Dermatology:23:300|Dr.Priya Chaturvedi:General:25:250|Dr.Divya Rastogi:Infertility:15:250|Dr.Vikram Sinha:Pediatrics:9:600|Dr.Sunita Tripathi:ENT:30:250,A+:15|A-:9|B+:5|B-:7|O+:5|O-:15|AB+:0|AB-:10,UP32-AB-1016:Deepak Srivastava:9845650176|UP32-AB-1017:Anju Malhotra:9896637649,Yes,129,Yes,"Dengue:37,Fever:16,Jaundice:35,Allergy:19,Hypertension:11,Pneumonia:25,Typhoid:7"
7,Regency Hospital,Shakti Khand II,Shakti Khand II- Indira Nagar,0522-2382364,26.8760,80.9880,4.2,400-1500,Dr.Pooja Trivedi:Gastroenterology:15:500|Dr.Sunil Awasthi:Infertility:5:800|Dr.Sunil Tripathi:Neurology:13:400|Dr.Rahul Singh:Gynecology:22:400|Dr.Anil Saksena:Ophthalmology:18:800|Dr.Rakesh Rastogi:General Surgery:21:1000|Dr.Priya Gupta:Urology:22:250|Dr.Rajesh Agarwal:Gynecology:45:400|Dr.Sandeep Dwivedi:Endocrinology:40:800|Dr.Sneha Nigam:Cardiology:12:250|Dr.Kavita Nigam:General:28:600|Dr.Kavita Saxena:Gynecology:7:400,A+:20|A-:5|B+:20|B-:2|O+:13|O-:16|AB+:20|AB-:18,UP32-AB-1018:Kavita Srivastava:9831810617|UP32-AB-1019:Sanjay Saxena:9813326769|UP32-AB-1020:Sanjay Dwivedi:9854585178,No,235,Yes,"Migraine:33,Heart Attack:17,Malaria:15,Diabetes:32,Tuberculosis:25,Fever:22"
8,Medanta Hospital,Sector C,Sector C- Gomti Nagar,0522-2596750,26.8700,81.0100,4.6,600-3000,Dr.Neha Srivastava:Cardiology:17:500|Dr.Ritu Tiwari:Orthopedics:22:400|Dr.Anju Tripathi:Ophthalmology:6:250|Dr.Rakesh Yadav:Pulmonology:7:250|Dr.Sneha Trivedi:Ophthalmology:32:600|Dr.Rahul Dubey:Dermatology:21:250|Dr.Sneha Sharma:Infertility:39:800|Dr.Garima Trivedi:Urology:9:800|Dr.Ritu Awasthi:Ophthalmology:12:800|Dr.Sunil Rastogi:Gastroenterology:31:400|Dr.Anju Saksena:Gastroenterology:40:300|Dr.Garima Saxena:Nephrology:16:600,A+:9|A-:19|B+:16|B-:12|O+:4|O-:15|AB+:8|AB-:6,UP32-AB-1021:Anil Rastogi:9873509974|UP32-AB-1022:Sandeep Tripathi:9821381064|UP32-AB-1023:Manoj Rastogi:9899100953,Yes,395,Yes,"Allergy:18,Asthma:33,Diabetes:7,Dengue:32,Fever:29,Tuberculosis:39"
9,Sanjay Gandhi Postgraduate Institute (SGPGIMS),Raebareli Road,Raebareli Road,0522-2727659,26.7500,81.0100,4.7,100-500,Dr.Garima Saksena:Nephrology:36:500|Dr.Pooja Malhotra:Cardiology:11:1000|Dr.Sneha Srivastava:Pediatrics:38:500|Dr.Priya Nigam:ENT:12:500|Dr.Arjun Kaushik:Endocrinology:38:600|Dr.Deepak Bhargava:Endocrinology:44:1000|Dr.Sneha Mehrotra:Endocrinology:15:800|Dr.Divya Pathak:Pulmonology:20:1000|Dr.Anita Bhargava:Infertility:36:800|Dr.Pooja Tiwari:Endocrinology:9:800|Dr.Manoj Srivastava:Pulmonology:26:400|Dr.Vikram Malhotra:Gynecology:19:500,A+:14|A-:15|B+:7|B-:14|O+:9|O-:12|AB+:14|AB-:6,UP32-AB-1024:Suresh Sinha:9887267850|UP32-AB-1025:Rohit Bajpai:9810791358|UP32-AB-1026:Alok Pandey:9862343121|UP32-AB-1027:Varun Nigam:9883300637,Yes,524,Yes,"Migraine:28,Tuberculosis:13,Hypertension:32,Fever:11,Diabetes:37,Heart Attack:4"
10,King George's Medical University (KGMU),Chowk,Chowk- Hazratganj,0522-2207963,26.8660,80.9230,4.2,50-300,Dr.Anju Chaturvedi:Cardiology:10:800|Dr.Sneha Malhotra:Endocrinology:16:250|Dr.Rakesh Dubey:Ophthalmology:18:500|Dr.Deepak Agarwal:Nephrology:22:1000|Dr.Varun Tiwari:Orthopedics:35:250|Dr.Priya Trivedi:ENT:9:1000|Dr.Amit Bhargava:Cardiology:20:300|Dr.Suresh Awasthi:Gynecology:20:300|Dr.Divya Tripathi:Neurology:41:300|Dr.Pankaj Saksena:Pulmonology:28:300|Dr.Rahul Bhargava:Pediatrics:24:250|Dr.Suresh Pandey:Nephrology:30:800,A+:20|A-:16|B+:10|B-:10|O+:13|O-:0|AB+:9|AB-:10,UP32-AB-1028:Amit Trivedi:9881503856|UP32-AB-1029:Sneha Tripathi:9859737181|UP32-AB-1030:Sunita Rastogi:9896911784|UP32-AB-1031:Ritu Sharma:9866379329,No,854,Yes,"Chicken Pox:20,Jaundice:37,Accident/Trauma:33,Diabetes:32,Dengue:30,Arthritis:40,Migraine:20,Skin Infection:23"
11,Dr. Ram Manohar Lohia Institute of Medical Sciences (RMLIMS),Vibhuti Khand,Vibhuti Khand- Gomti Nagar,0522-2126516,26.8300,81.0500,4.4,100-400,Dr.Pooja Mehrotra:Orthopedics:22:500|Dr.Pooja Bhargava:Endocrinology:41:600|Dr.Rohit Agarwal:Cardiology:36:1000|Dr.Deepak Yadav:General Surgery:18:400|Dr.Rakesh Agarwal:Pulmonology:43:800|Dr.Anita Nigam:Cardiology:38:300|Dr.Vikram Srivastava:Urology:36:600|Dr.Pooja Saksena:General Surgery:36:500|Dr.Suresh Gupta:Gastroenterology:19:500|Dr.Pooja Pandey:Psychiatry:35:600|Dr.Alok Saxena:Ophthalmology:27:800|Dr.Pankaj Tiwari:Gastroenterology:21:300,A+:11|A-:6|B+:11|B-:0|O+:10|O-:8|AB+:11|AB-:7,UP32-AB-1032:Manoj Singh:9836054020|UP32-AB-1033:Manoj Srivastava:9858436637|UP32-AB-1034:Sanjay Pandey:9811898961|UP32-AB-1035:Arjun Tiwari:9816109013,Yes,441,Yes,"Accident/Trauma:33,Hypertension:33,Malaria:31,Tuberculosis:24,Fever:14,Allergy:6,Arthritis:19"
12,Nirvan Hospital,Khurram Nagar / Ismailganj,Khurram Nagar / Ismailganj,0522-2986776,26.8490,80.9510,4.5,800-1200,Dr.H.K. Agarwal:Psychiatry:41:800|Dr.Deeptanshu Hanu Agarwal:Infertility:13:900|Dr.Jesna Manoj:Psychiatry:28:700|Dr.Sumitabh:Psychiatry:12:600,A+:13|A-:9|B+:18|B-:14|O+:3|O-:7|AB+:18|AB-:20,UP32-AB-1036:Vikram Srivastava:9825898299|UP32-AB-1037:Varun Awasthi:9890010790|UP32-AB-1038:Neha Bhargava:9880138498,No,68,Yes,"Allergy:16,Tuberculosis:16,Arthritis:19,Hypertension:8,Jaundice:13,Fever:18,Fracture:14,Pneumonia:38"
13,Rajendra Nagar Hospital,Rajendranagar,Rajendranagar,0522-2078711,26.8600,80.9400,4.5,1200-1400,Dr.Sunita Chandra:Infertility:38:1400,A+:15|A-:17|B+:9|B-:5|O+:16|O-:13|AB+:9|AB-:23,UP32-AB-1039:Neha Tiwari:9893893865|UP32-AB-1040:Garima Saxena:9825405014,Yes,50,Yes,"Migraine:22,Accident/Trauma:39,Dengue:21,Fever:31,Hypertension:10,Typhoid:32"
14,Jwala Hospital,Indira Nagar,Indira Nagar,0522-2722131,26.8840,80.9830,4.5,500-800,Dr.Rama Srivastava:General Surgery:43:600|Dr.Manoj Kumar:General:37:500,A+:9|A-:17|B+:10|B-:19|O+:4|O-:15|AB+:19|AB-:5,UP32-AB-1041:Rakesh Sharma:9822257687|UP32-AB-1042:Neha Tripathi:9887201917|UP32-AB-1043:Suresh Bhargava:9846173157|UP32-AB-1044:Amit Bhargava:9833513701,No,83,Yes,"Migraine:25,Heart Attack:29,Tuberculosis:24,Skin Infection:23,Hypertension:9,Asthma:13,Pneumonia:24,Typhoid:29"
15,Neera Hospital,Mahanagar,Mahanagar,0522-2727369,26.8730,80.9600,3.5,300-600,Dr.Sandeep Gupta:General:28:400|Dr.Sanjay Rohatgi:Pediatrics:42:450|Dr.Garima Gupta:Gynecology:30:450,A+:3|A-:12|B+:3|B-:17|O+:14|O-:12|AB+:11|AB-:14,UP32-AB-1045:Rajesh Tripathi:9882825679|UP32-AB-1046:Pankaj Saxena:9817275149|UP32-AB-1047:Garima Rastogi:9858557203,No,80,Yes,"Pneumonia:10,Diabetes:4,Migraine:18,Hypertension:13,Dengue:22,Accident/Trauma:38,Asthma:3,Chicken Pox:38"
16,Garg Ophthalmic Centre,Nirala Nagar,Nirala Nagar,0522-2427809,26.8680,80.9750,3.5,1500-2000,Dr.Vinay Kumar Garg:Ophthalmology:45:2000|Dr.Mamta Agarwal:Ophthalmology:29:1500|Dr.Tushar Kumar:Ophthalmology:12:1500,A+:27|A-:22|B+:17|B-:8|O+:20|O-:19|AB+:2|AB-:12,UP32-AB-1048:Anita Saxena:9874759996|UP32-AB-1049:Divya Srivastava:9871308842|UP32-AB-1050:Kavita Dubey:9835583290|UP32-AB-1051:Arjun Sinha:9819369750,Yes,33,Yes,"Fracture:40,Migraine:34,Fever:12,Accident/Trauma:31,Chicken Pox:37,Jaundice:33,Allergy:25"
17,Radius Joint Surgery Hospital,Gomtinagar,Gomtinagar,0522-2348588,26.8650,81.0150,4.5,500-800,Dr.Sanjai K Srivastava:Orthopedics:33:700|Dr.Praveen Kumar:Orthopedics:33:700,A+:4|A-:9|B+:6|B-:13|O+:15|O-:20|AB+:8|AB-:10,UP32-AB-1052:Amit Agarwal:9873481797|UP32-AB-1053:Rohit Dubey:9899078806|UP32-AB-1054:Kavita Bajpai:9814968688,Yes,46,Yes,"Malaria:12,Jaundice:29,Arthritis:12,Migraine:7,Asthma:33,Fever:19,Chicken Pox:24"
18,Dr. K.N.S. Memorial Hospital,Krishna Nagar,Krishna Nagar,0522-2991151,26.8700,80.9520,4.0,300-1000,Dr.Anju Shukla:Orthopedics:26:1000|Dr.Rohit Agarwal:General Surgery:39:250|Dr.Sunita Srivastava:Gastroenterology:19:800|Dr.Vikram Saxena:Neurology:45:800|Dr.Meera Pathak:Pediatrics:24:250|Dr.Amit Agarwal:General:23:400|Dr.Nisha Saxena:Gynecology:20:600|Dr.Varun Chaturvedi:Pediatrics:15:300|Dr.Vikram Awasthi:Nephrology:44:800|Dr.Pooja Bajpai:Gynecology:19:500|Dr.Rakesh Pathak:Pulmonology:5:1000|Dr.Pankaj Pandey:Pediatrics:9:500,A+:7|A-:18|B+:7|B-:7|O+:11|O-:23|AB+:13|AB-:17,UP32-AB-1055:Meera Srivastava:9861185849|UP32-AB-1056:Alok Chaturvedi:9849711319|UP32-AB-1057:Manoj Sharma:9898346110,No,115,Yes,"Pneumonia:17,Hypertension:25,Allergy:17,Typhoid:15,Jaundice:19"
19,Sanjivini Super Speciality Hospital,Indira Nagar,Indira Nagar,0522-2649641,26.8820,80.9840,4.1,400-1500,Dr.Arjun Shukla:Neurology:45:800|Dr.Amit Pandey:Endocrinology:7:600|Dr.Nisha Dwivedi:Gynecology:10:400|Dr.Deepak Dwivedi:Urology:16:300|Dr.Arjun Kaushik:Psychiatry:38:600|Dr.Anita Mehrotra:Pediatrics:21:1000|Dr.Divya Kaushik:Gastroenterology:26:1000|Dr.Rahul Pathak:Orthopedics:14:1000|Dr.Neha Sinha:Nephrology:40:400|Dr.Vikram Kaushik:Nephrology:5:400|Dr.Nisha Tripathi:Pulmonology:42:500|Dr.Nisha Singh:ENT:35:250,A+:17|A-:6|B+:15|B-:9|O+:22|O-:16|AB+:16|AB-:9,UP32-AB-1058:Rahul Malhotra:9816086345|UP32-AB-1059:Amit Pandey:9876118957|UP32-AB-1060:Rahul Singh:9841514326,Yes,149,Yes,"Chicken Pox:29,Tuberculosis:20,Accident/Trauma:5,Jaundice:26,Diabetes:16,Skin Infection:31,Pneumonia:31,Asthma:18"
20,Nova Hospital,Aliganj,Aliganj,0522-2119169,26.9000,80.9300,4.2,500-2000,Dr.Nisha Singh:Psychiatry:39:800|Dr.Alok Verma:Nephrology:22:300|Dr.Rahul Sinha:Endocrinology:10:800|Dr.Anil Shukla:Cardiology:8:1000|Dr.Ritu Srivastava:Gynecology:41:300|Dr.Sunita Mehrotra:Dermatology:42:300|Dr.Neha Agarwal:Gynecology:43:250|Dr.Anita Sinha:Gynecology:13:600|Dr.Rakesh Kaushik:Pediatrics:12:800|Dr.Suresh Malhotra:Cardiology:27:1000|Dr.Pooja Chaturvedi:Ophthalmology:6:300|Dr.Rakesh Verma:Gynecology:31:600,A+:11|A-:5|B+:13|B-:4|O+:17|O-:16|AB+:13|AB-:11,UP32-AB-1061:Sunil Pathak:9896347724|UP32-AB-1062:Suresh Verma:9874287863|UP32-AB-1063:Anju Saxena:9824490391|UP32-AB-1064:Aman Saksena:9869533928,Yes,160,Yes,"Accident/Trauma:38,Dengue:23,Arthritis:27,Hypertension:36,Allergy:21,Skin Infection:32,Tuberculosis:35"
21,Globe Healthcare & Diagnostics,Hazratganj,Hazratganj,0522-2223072,26.8520,80.9443,3.9,300-800,Dr.Sneha Singh:Neurology:40:800|Dr.Anil Saxena:Endocrinology:19:500|Dr.Ritu Mehrotra:Endocrinology:30:500|Dr.Meera Agarwal:Urology:25:800|Dr.Rakesh Trivedi:Gynecology:35:250|Dr.Vikram Mehrotra:Orthopedics:10:500|Dr.Meera Dwivedi:Psychiatry:13:600|Dr.Priya Chaturvedi:Ophthalmology:12:500|Dr.Alok Sinha:Urology:8:400|Dr.Sunil Trivedi:Neurology:41:600,A+:15|A-:17|B+:15|B-:7|O+:9|O-:10|AB+:11|AB-:16,UP32-AB-1065:Suresh Awasthi:9898292612|UP32-AB-1066:Anita Sharma:9834215035|UP32-AB-1067:Anita Saksena:9851471222,Yes,72,Yes,"Heart Attack:4,Accident/Trauma:8,Typhoid:36,Pneumonia:16,Dengue:27"
22,Lucknow Health City Hospital,Transport Nagar,Transport Nagar,0522-2873835,26.8800,80.9050,3.8,400-1200,Dr.Varun Pathak:Ophthalmology:15:400|Dr.Sunil Dwivedi:Ophthalmology:41:600|Dr.Vikram Verma:Gynecology:15:1000|Dr.Priya Tripathi:Orthopedics:22:500|Dr.Sneha Bajpai:Endocrinology:31:400|Dr.Anil Bhargava:Infertility:12:400|Dr.Sneha Singh:Gastroenterology:42:500|Dr.Sunil Verma:ENT:30:600|Dr.Priya Sharma:Dermatology:24:300|Dr.Arjun Bhargava:Pulmonology:23:400|Dr.Rahul Sharma:General Surgery:32:300|Dr.Arjun Dubey:ENT:37:600,A+:9|A-:7|B+:4|B-:17|O+:5|O-:14|AB+:16|AB-:14,UP32-AB-1068:Anju Saksena:9895918360|UP32-AB-1069:Varun Pandey:9825458308|UP32-AB-1070:Anju Sharma:9853589647,Yes,179,Yes,"Chicken Pox:28,Dengue:36,Tuberculosis:8,Hypertension:28,Pneumonia:22,Malaria:24,Diabetes:17,Allergy:24"
23,Shalby Multi-Speciality Hospital,Ayodhya Vihar,Ayodhya Vihar,0522-2906231,26.8950,81.0300,4.3,500-1500,Dr.Sandeep Gupta:Infertility:45:250|Dr.Garima Bhargava:Psychiatry:27:800|Dr.Kavita Srivastava:Neurology:14:400|Dr.Garima Yadav:Gynecology:9:300|Dr.Aman Pathak:Endocrinology:41:800|Dr.Deepak Sinha:Ophthalmology:14:500|Dr.Sunita Bajpai:Endocrinology:45:400|Dr.Anita Chaturvedi:General:27:600|Dr.Sunita Pandey:Endocrinology:33:250|Dr.Priya Trivedi:Gastroenterology:9:800,A+:14|A-:11|B+:7|B-:8|O+:0|O-:4|AB+:11|AB-:10,UP32-AB-1071:Garima Agarwal:9891202508|UP32-AB-1072:Divya Rastogi:9830248230|UP32-AB-1073:Priya Pathak:9823891786|UP32-AB-1074:Ritu Saksena:9821318464,Yes,52,Yes,"Jaundice:27,Arthritis:29,Heart Attack:24,Hypertension:6,Fracture:24,Accident/Trauma:7"
24,Indira IVF Centre,Wazirganj,Wazirganj- Hazratganj,0522-2623945,26.8560,80.9410,4.4,800-2000,Dr.Ritu Singh:Nephrology:23:400|Dr.Kavita Agarwal:Orthopedics:42:800|Dr.Kavita Trivedi:Gastroenterology:30:300,A+:11|A-:9|B+:3|B-:8|O+:10|O-:14|AB+:7|AB-:0,UP32-AB-1075:Vikram Shukla:9899987086|UP32-AB-1076:Sneha Rastogi:9858563745|UP32-AB-1077:Suresh Trivedi:9851455302|UP32-AB-1078:Sanjay Mishra:9855866538,No,26,Yes,"Accident/Trauma:9,Arthritis:35,Dengue:37,Fracture:36,Tuberculosis:5,Typhoid:24"
25,Birla Fertility & IVF Centre,Hazratganj,Hazratganj,0522-2298768,26.8530,80.9450,4.5,900-2200,Dr.Arjun Awasthi:Nephrology:14:300|Dr.Sanjay Mehrotra:Pediatrics:33:250|Dr.Varun Trivedi:ENT:33:600,A+:12|A-:1|B+:12|B-:16|O+:22|O-:9|AB+:15|AB-:9,UP32-AB-1079:Ajay Pathak:9847818761|UP32-AB-1080:Rohit Rastogi:9880794454|UP32-AB-1081:Varun Yadav:9836802975|UP32-AB-1082:Arjun Sinha:9843554863,Yes,40,Yes,"Chicken Pox:31,Malaria:35,Fracture:12,Accident/Trauma:30,Pneumonia:8,Typhoid:17,Dengue:31,Jaundice:25"
26,Mayo Hospital,Hazratganj,Hazratganj,0522-2369954,26.8520,80.9430,4.1,100-400,Dr.Suresh Saxena:General:30:600|Dr.Nisha Srivastava:Nephrology:10:400|Dr.Neha Sharma:Ophthalmology:11:1000|Dr.Ritu Kaushik:Gynecology:13:250|Dr.Manoj Mehrotra:General Surgery:13:1000|Dr.Divya Pathak:Cardiology:10:250|Dr.Rakesh Mishra:Gynecology:40:800|Dr.Sneha Singh:Gastroenterology:20:400|Dr.Rahul Verma:ENT:31:800|Dr.Pankaj Gupta:Neurology:36:600|Dr.Suresh Shukla:Infertility:41:300|Dr.Kavita Pandey:Urology:5:600,A+:12|A-:18|B+:10|B-:9|O+:14|O-:11|AB+:4|AB-:10,UP32-AB-1083:Suresh Dubey:9873100462|UP32-AB-1084:Amit Shukla:9861926331|UP32-AB-1085:Nisha Tiwari:9812179995|UP32-AB-1086:Alok Kaushik:9819067690,Yes,311,Yes,"Skin Infection:24,Accident/Trauma:14,Pneumonia:32,Heart Attack:33,Migraine:14"
27,Balrampur Hospital,Chowk,Chowk,0522-2044412,26.8650,80.9200,4.0,50-200,Dr.Arjun Gupta:Endocrinology:7:400|Dr.Garima Verma:Dermatology:7:400|Dr.Sunil Rastogi:Nephrology:39:500|Dr.Rakesh Verma:Dermatology:23:400|Dr.Priya Sinha:Ophthalmology:22:250|Dr.Nisha Saxena:Nephrology:33:500|Dr.Ritu Yadav:General Surgery:36:400|Dr.Anita Kaushik:Orthopedics:32:250|Dr.Sneha Awasthi:Pediatrics:39:400|Dr.Deepak Singh:Orthopedics:25:800|Dr.Manoj Pandey:Endocrinology:43:800|Dr.Sneha Yadav:Endocrinology:27:500,A+:10|A-:0|B+:7|B-:7|O+:5|O-:3|AB+:20|AB-:15,UP32-AB-1087:Nisha Rastogi:9831473054|UP32-AB-1088:Suresh Malhotra:9891547054|UP32-AB-1089:Ajay Verma:9826942307,Yes,620,Yes,"Chicken Pox:26,Typhoid:26,Pneumonia:31,Allergy:7,Dengue:39,Skin Infection:11,Asthma:36"
28,Vivekanand Polyclinic,Gole Market,Gole Market- Hazratganj,0522-2068941,26.8550,80.9460,4.0,200-800,Dr.Nisha Dubey:Ophthalmology:22:300|Dr.Rahul Sharma:Pediatrics:36:600|Dr.Rohit Nigam:Neurology:21:1000|Dr.Rakesh Saksena:Endocrinology:18:600|Dr.Manoj Saksena:General Surgery:17:250|Dr.Arjun Sinha:Orthopedics:33:300|Dr.Ajay Gupta:Ophthalmology:27:800|Dr.Sunita Nigam:Gastroenterology:24:1000|Dr.Sandeep Saksena:Pediatrics:28:600|Dr.Neha Singh:Dermatology:13:300|Dr.Aman Sharma:Psychiatry:40:600|Dr.Nisha Pathak:Gynecology:44:250,A+:3|A-:34|B+:10|B-:4|O+:13|O-:0|AB+:26|AB-:19,UP32-AB-1090:Sunita Pathak:9872523073|UP32-AB-1091:Alok Malhotra:9883994695|UP32-AB-1092:Sanjay Bhargava:9827318510|UP32-AB-1093:Sneha Rastogi:9817437386,Yes,93,Yes,"Allergy:25,Heart Attack:36,Fracture:21,Hypertension:8,Chicken Pox:19,Malaria:15"
29,Era's Lucknow Medical College & Hospital,Sarfarazganj,Sarfarazganj- Hardoi Road,0522-2280464,26.9100,80.9200,4.1,200-800,Dr.Anita Malhotra:Gastroenterology:44:600|Dr.Vikram Rastogi:Pediatrics:42:600|Dr.Kavita Yadav:Ophthalmology:41:250|Dr.Suresh Gupta:General:41:400|Dr.Anil Bhargava:Urology:44:800|Dr.Suresh Bajpai:Gastroenterology:24:500|Dr.Pooja Kaushik:Nephrology:24:500|Dr.Sunita Saksena:General:15:500|Dr.Varun Bajpai:Endocrinology:18:400|Dr.Kavita Agarwal:Ophthalmology:27:500|Dr.Arjun Bhargava:Psychiatry:37:600|Dr.Meera Agarwal:ENT:34:250,A+:8|A-:13|B+:25|B-:16|O+:16|O-:7|AB+:24|AB-:8,UP32-AB-1094:Deepak Mishra:9831386576|UP32-AB-1095:Aman Rastogi:9872654864|UP32-AB-1096:Aman Pandey:9876755908,Yes,323,Yes,"Fracture:21,Jaundice:34,Asthma:33,Malaria:21,Allergy:37,Heart Attack:3,Fever:9,Chicken Pox:30"
30,Sahara Hospital,Viraj Khand,Viraj Khand- Gomti Nagar,0522-2017445,26.8580,81.0120,4.3,400-1500,Dr.Arjun Tiwari:Psychiatry:30:400|Dr.Amit Dubey:General:41:600|Dr.Garima Trivedi:Gastroenterology:9:500|Dr.Ajay Bhargava:Pulmonology:44:800|Dr.Rahul Malhotra:Neurology:30:400|Dr.Ritu Nigam:Psychiatry:14:300|Dr.Anju Rastogi:General:7:250|Dr.Arjun Saksena:Ophthalmology:35:600|Dr.Pankaj Malhotra:Infertility:13:400|Dr.Deepak Yadav:Nephrology:44:800|Dr.Sunil Chaturvedi:Ophthalmology:37:1000|Dr.Aman Saksena:Gastroenterology:35:1000,A+:5|A-:18|B+:19|B-:10|O+:14|O-:2|AB+:11|AB-:10,UP32-AB-1097:Rakesh Shukla:9887641510|UP32-AB-1098:Neha Dwivedi:9816892773|UP32-AB-1099:Divya Yadav:9880361272,No,415,Yes,"Pneumonia:29,Malaria:12,Diabetes:29,Fever:16,Asthma:29,Heart Attack:35"
31,Divine Heart Multispecialty Hospital,Gomtinagar,Gomtinagar,0522-2645584,26.8650,81.0180,4.0,300-1000,Dr.Divya Sinha:General:13:600|Dr.Anil Nigam:Ophthalmology:35:600|Dr.Rohit Agarwal:Pediatrics:34:600|Dr.Ritu Nigam:Psychiatry:21:600|Dr.Divya Mishra:ENT:22:600|Dr.Sunil Srivastava:Gastroenterology:23:800|Dr.Anil Saksena:General Surgery:25:500|Dr.Alok Nigam:Pulmonology:23:250|Dr.Rohit Dubey:Psychiatry:14:400|Dr.Amit Pandey:Orthopedics:27:500|Dr.Rakesh Dwivedi:General Surgery:18:300|Dr.Anita Nigam:Pulmonology:13:250,A+:11|A-:7|B+:24|B-:16|O+:12|O-:16|AB+:16|AB-:15,UP32-AB-1100:Meera Tripathi:9828450513|UP32-AB-1101:Rajesh Nigam:9831198492|UP32-AB-1102:Varun Shukla:9873847325,No,101,Yes,"Allergy:8,Skin Infection:39,Arthritis:17,Fracture:37,Fever:5,Typhoid:14"
32,Zenith Super Specialty Hospital,Vishal Khand,Vishal Khand- Gomti Nagar,0522-2279963,26.8570,81.0160,4.1,400-1200,Dr.Varun Mehrotra:Pediatrics:7:1000|Dr.Anju Kaushik:General Surgery:16:800|Dr.Manoj Verma:Cardiology:24:600|Dr.Meera Agarwal:Gastroenterology:34:800|Dr.Aman Malhotra:Infertility:34:400|Dr.Garima Kaushik:Neurology:26:300|Dr.Pankaj Shukla:Pulmonology:16:250|Dr.Ritu Kaushik:Gastroenterology:41:800|Dr.Garima Yadav:Nephrology:32:600|Dr.Deepak Gupta:Nephrology:11:300|Dr.Arjun Bajpai:Ophthalmology:20:250|Dr.Rakesh Dubey:ENT:33:1000,A+:16|A-:10|B+:11|B-:11|O+:6|O-:4|AB+:14|AB-:13,UP32-AB-1103:Sandeep Dubey:9877447155|UP32-AB-1104:Sunil Saksena:9825759274|UP32-AB-1105:Manoj Trivedi:9892493631,Yes,64,Yes,"Hypertension:29,Accident/Trauma:38,Jaundice:33,Chicken Pox:37,Allergy:16,Heart Attack:18"
33,Life Line Hospital,Indira Nagar,Indira Nagar,0522-2047489,26.8830,80.9850,3.8,300-1000,Dr.Vikram Rastogi:Endocrinology:38:800|Dr.Nisha Gupta:Neurology:8:1000|Dr.Garima Chaturvedi:Gynecology:15:400|Dr.Ajay Singh:Dermatology:42:500|Dr.Ajay Kaushik:General:34:300|Dr.Varun Pathak:General:40:500|Dr.Sunil Dwivedi:Cardiology:30:400|Dr.Rajesh Dwivedi:Dermatology:42:250,A+:3|A-:16|B+:9|B-:11|O+:25|O-:1|AB+:7|AB-:12,UP32-AB-1106:Arjun Bhargava:9896104027|UP32-AB-1107:Varun Trivedi:9861335545,No,64,Yes,"Dengue:11,Accident/Trauma:17,Chicken Pox:3,Pneumonia:4,Arthritis:22,Migraine:32,Diabetes:37,Typhoid:30"
34,City Hospital,Alambagh,Alambagh,0522-2583761,26.8350,80.9050,3.9,200-800,Dr.Rohit Mehrotra:ENT:20:500|Dr.Alok Malhotra:Pulmonology:17:800|Dr.Rahul Verma:Urology:44:1000|Dr.Suresh Srivastava:Dermatology:9:250|Dr.Amit Pathak:General:20:800|Dr.Amit Dubey:Endocrinology:19:600|Dr.Anil Bhargava:General:13:600|Dr.Manoj Srivastava:Ophthalmology:41:600|Dr.Deepak Srivastava:Gastroenterology:14:800|Dr.Neha Saxena:Gastroenterology:22:250,A+:23|A-:8|B+:19|B-:7|O+:5|O-:15|AB+:26|AB-:9,UP32-AB-1108:Rohit Kaushik:9880392240|UP32-AB-1109:Deepak Saksena:9865878146|UP32-AB-1110:Varun Malhotra:9850250352|UP32-AB-1111:Rohit Yadav:9882199509,No,75,Yes,"Allergy:29,Accident/Trauma:29,Jaundice:38,Hypertension:36,Fever:11,Migraine:27"
35,Lucknow Heart Institute,Indira Nagar,Indira Nagar,0522-2790973,26.8800,80.9900,4.4,500-1500,Dr.Pooja Tiwari:Dermatology:26:800|Dr.Vikram Pathak:Psychiatry:10:600|Dr.Garima Verma:Pulmonology:29:800|Dr.Amit Sinha:Orthopedics:17:1000|Dr.Anil Bajpai:Dermatology:26:400|Dr.Rajesh Mishra:Dermatology:12:800,A+:7|A-:12|B+:8|B-:9|O+:18|O-:8|AB+:12|AB-:6,UP32-AB-1112:Alok Pandey:9845106207|UP32-AB-1113:Nisha Rastogi:9876743428|UP32-AB-1114:Pankaj Singh:9873013937|UP32-AB-1115:Deepak Mishra:9859755172,Yes,66,Yes,"Asthma:40,Accident/Trauma:40,Fever:29,Fracture:21,Migraine:12"
36,Sai Hospital,Alambagh,Alambagh,0522-2144170,26.8330,80.9070,3.7,200-600,Dr.Garima Agarwal:ENT:29:600|Dr.Pooja Bajpai:Ophthalmology:21:1000|Dr.Aman Dwivedi:General Surgery:34:300|Dr.Alok Yadav:Gynecology:39:500|Dr.Sanjay Nigam:General:38:250|Dr.Sunita Mehrotra:General:5:500,A+:14|A-:8|B+:11|B-:11|O+:6|O-:11|AB+:5|AB-:5,UP32-AB-1116:Divya Tripathi:9875478707|UP32-AB-1117:Suresh Sharma:9881432350|UP32-AB-1118:Varun Sharma:9812244945|UP32-AB-1119:Anita Nigam:9848478684,Yes,46,Yes,"Heart Attack:36,Malaria:19,Fracture:25,Migraine:20,Dengue:28,Hypertension:8,Typhoid:26,Allergy:28"
37,Anand Hospital,Chowk,Chowk,0522-2329761,26.8660,80.9220,3.8,150-500,Dr.Pankaj Chaturvedi:ENT:19:400|Dr.Vikram Shukla:General:10:500|Dr.Rohit Dubey:General Surgery:8:800|Dr.Rajesh Saksena:Pediatrics:10:500|Dr.Sneha Shukla:Ophthalmology:41:1000|Dr.Meera Rastogi:General:19:300|Dr.Divya Tiwari:General:9:800|Dr.Anita Nigam:General:16:1000,A+:16|A-:12|B+:18|B-:20|O+:17|O-:0|AB+:9|AB-:19,UP32-AB-1120:Rohit Tripathi:9882553061|UP32-AB-1121:Ritu Dubey:9828783850|UP32-AB-1122:Vikram Rastogi:9856420476|UP32-AB-1123:Priya Singh:9868664992,Yes,34,Yes,"Typhoid:34,Skin Infection:17,Fever:25,Fracture:38,Accident/Trauma:27,Arthritis:30,Asthma:14"
38,Gyan Hospital,Rajajipuram,Rajajipuram,0522-2399226,26.8700,80.8800,4.0,200-700,Dr.Rohit Gupta:Gastroenterology:20:800|Dr.Sunita Gupta:Pulmonology:14:500|Dr.Kavita Dwivedi:Nephrology:25:400|Dr.Meera Gupta:Cardiology:24:500|Dr.Nisha Bhargava:Pulmonology:11:300|Dr.Vikram Yadav:Urology:33:600|Dr.Varun Singh:Cardiology:10:400|Dr.Vikram Awasthi:Ophthalmology:29:250|Dr.Manoj Saxena:Nephrology:10:800|Dr.Pooja Chaturvedi:Infertility:15:800,A+:14|A-:16|B+:11|B-:15|O+:14|O-:16|AB+:8|AB-:21,UP32-AB-1124:Rakesh Srivastava:9893890601|UP32-AB-1125:Aman Awasthi:9892767884|UP32-AB-1126:Garima Pathak:9824357588,Yes,69,Yes,"Typhoid:24,Skin Infection:31,Arthritis:24,Hypertension:30,Tuberculosis:11"
39,Krishna Hospital,Bakshi Ka Talab,Bakshi Ka Talab,0522-2690658,26.9400,80.8600,3.9,150-500,Dr.Sunil Agarwal:Dermatology:35:400|Dr.Sanjay Dubey:Ophthalmology:23:800|Dr.Aman Chaturvedi:ENT:25:500|Dr.Anita Mehrotra:Nephrology:28:250|Dr.Garima Chaturvedi:Pediatrics:40:250|Dr.Pankaj Saksena:Dermatology:33:1000|Dr.Manoj Mehrotra:Orthopedics:31:800|Dr.Aman Malhotra:Gastroenterology:20:400,A+:15|A-:17|B+:7|B-:16|O+:5|O-:7|AB+:0|AB-:9,UP32-AB-1127:Varun Nigam:9814934536|UP32-AB-1128:Nisha Saksena:9882062301|UP32-AB-1129:Vikram Singh:9843316996|UP32-AB-1130:Alok Yadav:9896838849,Yes,76,Yes,"Skin Infection:36,Tuberculosis:38,Malaria:40,Fever:39,Pneumonia:17,Accident/Trauma:31,Hypertension:26,Migraine:28"
40,Mother Teresa Hospital,Mahanagar,Mahanagar,0522-2689237,26.8740,80.9610,4.1,200-700,Dr.Pankaj Bhargava:Infertility:14:400|Dr.Suresh Bajpai:Neurology:23:500|Dr.Vikram Singh:Gynecology:27:400|Dr.Ritu Pathak:Dermatology:38:500|Dr.Alok Bajpai:Neurology:33:800|Dr.Ajay Agarwal:Orthopedics:24:250|Dr.Rahul Sharma:Ophthalmology:11:800|Dr.Sandeep Dwivedi:ENT:38:300|Dr.Sandeep Agarwal:Urology:34:300|Dr.Anju Shukla:Pediatrics:16:800,A+:10|A-:12|B+:9|B-:9|O+:7|O-:8|AB+:10|AB-:8,UP32-AB-1131:Sunita Chaturvedi:9823656928|UP32-AB-1132:Sanjay Trivedi:9853752954|UP32-AB-1133:Garima Pathak:9825294777|UP32-AB-1134:Rakesh Tripathi:9875697427,Yes,88,Yes,"Typhoid:22,Malaria:40,Chicken Pox:8,Heart Attack:11,Tuberculosis:23,Asthma:10,Allergy:18,Dengue:22"
41,Saraswati Hospital,PGI Road,PGI Road- Bandaria Bagh,0522-2684793,26.7560,81.0080,3.8,200-600,Dr.Rahul Yadav:Psychiatry:14:600|Dr.Rohit Saxena:Gynecology:41:500|Dr.Sneha Yadav:General Surgery:45:600|Dr.Sanjay Nigam:Pediatrics:36:400|Dr.Arjun Yadav:Ophthalmology:33:600|Dr.Priya Sinha:Psychiatry:5:500|Dr.Arjun Mishra:Nephrology:40:600,A+:2|A-:12|B+:2|B-:17|O+:9|O-:12|AB+:21|AB-:13,UP32-AB-1135:Amit Tiwari:9840177972|UP32-AB-1136:Manoj Yadav:9871380637|UP32-AB-1137:Aman Nigam:9878559218,Yes,76,Yes,"Migraine:31,Chicken Pox:37,Pneumonia:16,Typhoid:30,Fracture:9"
42,Navjeevan Hospital,Devraha,Devraha- Alambagh,0522-2909165,26.8360,80.9080,4.0,200-650,Dr.Pooja Pandey:General:33:400|Dr.Alok Sinha:Orthopedics:33:1000|Dr.Rahul Bhargava:ENT:18:1000|Dr.Sneha Yadav:Gynecology:18:1000|Dr.Anil Kaushik:General:41:400|Dr.Anita Awasthi:Pediatrics:25:800|Dr.Manoj Pandey:Pulmonology:37:800|Dr.Meera Malhotra:Urology:8:400,A+:6|A-:4|B+:14|B-:14|O+:10|O-:16|AB+:15|AB-:7,UP32-AB-1138:Anita Shukla:9865596350|UP32-AB-1139:Rohit Pathak:9820135622,Yes,65,Yes,"Chicken Pox:8,Jaundice:32,Hypertension:25,Heart Attack:7,Allergy:37,Fever:28,Arthritis:16"
43,Aastha Hospital,Aminabad,Aminabad,0522-2916899,26.8580,80.9300,4.2,200-700,Dr.Sneha Mehrotra:Dermatology:36:400|Dr.Deepak Mehrotra:Gastroenterology:26:600|Dr.Arjun Chaturvedi:General Surgery:26:800|Dr.Priya Verma:Neurology:45:1000|Dr.Pankaj Sharma:Neurology:15:500|Dr.Sneha Mishra:Gynecology:24:300,A+:16|A-:10|B+:9|B-:8|O+:3|O-:21|AB+:15|AB-:17,UP32-AB-1140:Neha Saxena:9897977738|UP32-AB-1141:Vikram Saksena:9822775337|UP32-AB-1142:Rajesh Mishra:9873995913,Yes,34,Yes,"Fracture:10,Jaundice:30,Fever:11,Hypertension:33,Chicken Pox:7,Heart Attack:17"
44,Metro Hospital & Heart Institute,Indira Nagar,Indira Nagar,0522-2118220,26.8810,80.9870,4.2,400-1500,Dr.Rohit Gupta:Neurology:11:400|Dr.Nisha Pandey:Gynecology:29:1000|Dr.Arjun Shukla:Gynecology:9:600|Dr.Rajesh Awasthi:Pediatrics:33:400|Dr.Anil Shukla:Gynecology:31:600|Dr.Ajay Sinha:Dermatology:10:250|Dr.Arjun Bhargava:Neurology:42:800|Dr.Rohit Trivedi:Urology:25:1000|Dr.Arjun Srivastava:Pulmonology:10:300|Dr.Manoj Bhargava:Cardiology:24:300|Dr.Garima Dwivedi:Nephrology:23:800|Dr.Priya Kaushik:ENT:36:500,A+:12|A-:20|B+:23|B-:17|O+:17|O-:12|AB+:9|AB-:17,UP32-AB-1143:Varun Trivedi:9883330690|UP32-AB-1144:Sanjay Bhargava:9873218512|UP32-AB-1145:Sunita Sharma:9888834594|UP32-AB-1146:Sunita Sharma:9845189912,Yes,105,Yes,"Typhoid:35,Fracture:29,Allergy:30,Skin Infection:28,Chicken Pox:8"
45,Surya Hospital,Jankipuram,Jankipuram,0522-2385548,26.9000,80.9000,4.0,250-900,Dr.Kavita Tiwari:Orthopedics:24:250|Dr.Anil Kaushik:Gynecology:39:400|Dr.Anju Chaturvedi:Orthopedics:24:800|Dr.Sneha Dwivedi:ENT:8:300|Dr.Vikram Saxena:Neurology:34:600|Dr.Priya Pandey:Pediatrics:12:250|Dr.Arjun Saksena:Cardiology:15:500|Dr.Alok Rastogi:Infertility:21:300|Dr.Nisha Malhotra:Pulmonology:12:1000|Dr.Suresh Agarwal:Urology:22:600|Dr.Sunita Tiwari:Orthopedics:36:500|Dr.Nisha Verma:General Surgery:41:300,A+:17|A-:20|B+:19|B-:6|O+:19|O-:18|AB+:23|AB-:12,UP32-AB-1147:Pooja Verma:9873319171|UP32-AB-1148:Nisha Dubey:9830144023,Yes,119,Yes,"Arthritis:29,Tuberculosis:23,Asthma:20,Heart Attack:7,Malaria:39"
46,Apolio Nursing Home,Lucknow,Lucknow,0522-2210418,26.8480,80.9550,3.6,200-600,Dr.Nisha Singh:Infertility:8:300|Dr.Neha Kaushik:Infertility:7:500|Dr.Sunita Pathak:Gastroenterology:24:400|Dr.Vikram Nigam:Endocrinology:5:400,A+:9|A-:22|B+:11|B-:7|O+:1|O-:23|AB+:22|AB-:11,UP32-AB-1149:Pooja Malhotra:9810856024|UP32-AB-1150:Varun Sharma:9841272427|UP32-AB-1151:Alok Shukla:9811287794|UP32-AB-1152:Ritu Sharma:9898221829,No,29,Yes,"Diabetes:6,Fracture:12,Asthma:20,Arthritis:8,Hypertension:5"
47,Shanti Hospital,Hazratganj,Hazratganj,0522-2078315,26.8530,80.9440,3.9,250-800,Dr.Neha Sinha:Infertility:31:800|Dr.Nisha Pathak:Orthopedics:42:250|Dr.Arjun Shukla:Nephrology:9:600|Dr.Priya Saxena:Gynecology:20:400|Dr.Rakesh Sinha:Ophthalmology:30:800|Dr.Deepak Agarwal:Endocrinology:22:300,A+:15|A-:10|B+:12|B-:9|O+:17|O-:16|AB+:10|AB-:14,UP32-AB-1153:Anil Pathak:9851380361|UP32-AB-1154:Pankaj Tiwari:9826094525|UP32-AB-1155:Vikram Yadav:9850831043,Yes,36,Yes,"Accident/Trauma:22,Dengue:19,Asthma:14,Heart Attack:4,Diabetes:28,Migraine:31,Fever:38"
48,Bai-Bei (BSM) Hospital,Aminabad,Aminabad,0522-2225146,26.8590,80.9310,3.6,150-500,Dr.Pooja Singh:Endocrinology:11:1000|Dr.Arjun Singh:Cardiology:8:1000|Dr.Neha Malhotra:Dermatology:30:400|Dr.Vikram Chaturvedi:Pulmonology:9:250|Dr.Sunita Mishra:Endocrinology:13:250|Dr.Ritu Singh:General:34:250|Dr.Sandeep Chaturvedi:Urology:30:500|Dr.Suresh Dubey:Urology:16:400,A+:16|A-:9|B+:8|B-:13|O+:5|O-:6|AB+:7|AB-:6,UP32-AB-1156:Divya Verma:9821773787|UP32-AB-1157:Anita Dubey:9828419506|UP32-AB-1158:Varun Mishra:9896255361|UP32-AB-1159:Pooja Shukla:9882968364,Yes,64,Yes,"Hypertension:27,Arthritis:20,Chicken Pox:14,Jaundice:4,Allergy:23,Migraine:17,Heart Attack:4"
49,Manas Hospital,Aliganj,Aliganj,0522-2751763,26.9010,80.9310,3.8,200-700,Dr.Anita Verma:General Surgery:38:400|Dr.Neha Yadav:Neurology:20:800|Dr.Pooja Tiwari:General:19:600|Dr.Rohit Trivedi:Pediatrics:16:300|Dr.Deepak Kaushik:Psychiatry:42:250|Dr.Alok Chaturvedi:Gynecology:41:300|Dr.Aman Nigam:Gastroenterology:16:500|Dr.Amit Gupta:General:19:600|Dr.Neha Sharma:Infertility:35:250|Dr.Ritu Awasthi:Dermatology:13:400,A+:16|A-:21|B+:13|B-:10|O+:17|O-:19|AB+:13|AB-:14,UP32-AB-1160:Nisha Gupta:9860142505|UP32-AB-1161:Anju Chaturvedi:9823560308|UP32-AB-1162:Ritu Pandey:9853299069|UP32-AB-1163:Arjun Yadav:9868635481,No,91,Yes,"Heart Attack:22,Chicken Pox:21,Asthma:11,Skin Infection:14,Allergy:3,Dengue:39,Diabetes:28"
50,Navin Hospital,Rajajipuram,Rajajipuram,0522-2404684,26.8710,80.8810,3.7,200-600,Dr.Amit Yadav:Ophthalmology:44:300|Dr.Meera Bajpai:Gynecology:26:800|Dr.Sunita Srivastava:Psychiatry:25:300|Dr.Vikram Mehrotra:Ophthalmology:33:250|Dr.Rakesh Mishra:ENT:9:400|Dr.Rakesh Kaushik:Neurology:5:250,A+:6|A-:14|B+:15|B-:17|O+:16|O-:8|AB+:4|AB-:19,UP32-AB-1164:Neha Yadav:9870570772|UP32-AB-1165:Sunita Kaushik:9814484588|UP32-AB-1166:Manoj Sharma:9852777459|UP32-AB-1167:Rakesh Singh:9819959009,Yes,35,Yes,"Heart Attack:30,Dengue:13,Fracture:30,Arthritis:13,Allergy:6,Tuberculosis:9,Asthma:24,Fever:16"
51,Eye Care & Laser Centre,Hazratganj,Hazratganj,0522-2448377,26.8525,80.9445,4.3,1000-2500,Dr.Garima Saxena:Pulmonology:23:400|Dr.Pooja Singh:General:30:600|Dr.Aman Malhotra:General:28:250,A+:21|A-:17|B+:7|B-:7|O+:15|O-:14|AB+:1|AB-:0,UP32-AB-1168:Rahul Pandey:9863347164|UP32-AB-1169:Divya Bajpai:9898723294|UP32-AB-1170:Rakesh Gupta:9896149847,No,15,Yes,"Typhoid:32,Chicken Pox:19,Heart Attack:17,Asthma:20,Fever:39,Accident/Trauma:6,Jaundice:12"
52,Raj Hospital,Jankipuram,Jankipuram,0522-2657694,26.8990,80.8990,3.9,200-700,Dr.Meera Gupta:Psychiatry:39:500|Dr.Neha Nigam:General:29:1000|Dr.Varun Nigam:General Surgery:41:300|Dr.Divya Pandey:Orthopedics:30:1000|Dr.Amit Rastogi:Infertility:41:800|Dr.Kavita Singh:Endocrinology:16:300|Dr.Anil Kaushik:Dermatology:13:250|Dr.Sneha Gupta:Urology:17:1000,A+:16|A-:18|B+:7|B-:20|O+:12|O-:9|AB+:4|AB-:9,UP32-AB-1171:Pankaj Sinha:9811659440|UP32-AB-1172:Varun Singh:9865625517|UP32-AB-1173:Kavita Malhotra:9886046949,Yes,46,Yes,"Allergy:34,Chicken Pox:39,Tuberculosis:33,Accident/Trauma:5,Diabetes:14"
53,Sanjay Hospital,Chowk,Chowk,0522-2315076,26.8640,80.9210,3.7,150-500,Dr.Anita Dubey:Gynecology:44:600|Dr.Anju Verma:Nephrology:26:800|Dr.Pooja Verma:General Surgery:22:400|Dr.Suresh Agarwal:Gastroenterology:24:400|Dr.Aman Sinha:Neurology:19:300,A+:18|A-:10|B+:14|B-:7|O+:4|O-:16|AB+:13|AB-:15,UP32-AB-1174:Aman Bhargava:9879323646|UP32-AB-1175:Nisha Mehrotra:9817543817|UP32-AB-1176:Sandeep Gupta:9851758234,No,29,Yes,"Heart Attack:18,Diabetes:5,Fracture:32,Tuberculosis:6,Fever:26"
54,Gandhi Hospital,Alambagh,Alambagh,0522-2224729,26.8340,80.9060,3.8,200-600,Dr.Garima Tiwari:Psychiatry:34:600|Dr.Anju Shukla:Neurology:6:300|Dr.Nisha Bajpai:Endocrinology:16:1000|Dr.Divya Chaturvedi:Psychiatry:27:300|Dr.Rakesh Dwivedi:Orthopedics:23:250|Dr.Rohit Verma:Pediatrics:41:1000,A+:17|A-:5|B+:9|B-:7|O+:10|O-:12|AB+:13|AB-:1,UP32-AB-1177:Divya Malhotra:9896888739|UP32-AB-1178:Sanjay Awasthi:9811135982,Yes,38,Yes,"Migraine:16,Tuberculosis:32,Typhoid:22,Fracture:36,Heart Attack:28,Asthma:40,Accident/Trauma:9"
55,Uttam Hospital,Mahanagar,Mahanagar,0522-2037034,26.8720,80.9590,3.9,200-650,Dr.Rajesh Rastogi:Psychiatry:40:800|Dr.Manoj Pandey:Neurology:35:250|Dr.Ritu Tiwari:Ophthalmology:22:400|Dr.Sunil Mishra:Gynecology:38:1000|Dr.Pooja Verma:Nephrology:25:800|Dr.Arjun Dwivedi:Cardiology:36:400|Dr.Rakesh Saxena:Nephrology:29:800,A+:0|A-:2|B+:14|B-:6|O+:9|O-:3|AB+:7|AB-:6,UP32-AB-1179:Alok Rastogi:9850291467|UP32-AB-1180:Sandeep Mehrotra:9898263548|UP32-AB-1181:Sanjay Pandey:9823100061|UP32-AB-1182:Divya Malhotra:9844715663,Yes,56,Yes,"Asthma:22,Chicken Pox:29,Arthritis:24,Fracture:26,Tuberculosis:19"
56,Life Care Hospital,Hazratganj,Hazratganj,0522-2454779,26.8510,80.9430,4.0,250-800,Dr.Manoj Pathak:Neurology:35:250|Dr.Sunita Bajpai:Dermatology:37:250|Dr.Rohit Rastogi:Gastroenterology:31:250|Dr.Kavita Malhotra:Dermatology:26:500|Dr.Pankaj Malhotra:Ophthalmology:16:1000|Dr.Vikram Bajpai:Ophthalmology:45:300|Dr.Deepak Shukla:General:5:500|Dr.Anita Mishra:Pediatrics:41:1000|Dr.Sandeep Bajpai:Orthopedics:13:600,A+:7|A-:7|B+:17|B-:10|O+:15|O-:12|AB+:11|AB-:12,UP32-AB-1183:Garima Sharma:9810553491|UP32-AB-1184:Pooja Srivastava:9856217844|UP32-AB-1185:Sunil Malhotra:9823785264,No,77,Yes,"Heart Attack:36,Dengue:36,Pneumonia:24,Accident/Trauma:30,Jaundice:11,Asthma:24,Chicken Pox:34"
57,Sainik Hospital,Aminabad,Aminabad,0522-2694125,26.8570,80.9290,3.6,200-600,Dr.Alok Bhargava:Dermatology:15:1000|Dr.Anju Sharma:ENT:19:800|Dr.Arjun Mishra:Cardiology:42:600|Dr.Sandeep Singh:Psychiatry:7:500|Dr.Rakesh Bhargava:General:43:250,A+:20|A-:19|B+:14|B-:12|O+:9|O-:13|AB+:11|AB-:21,UP32-AB-1186:Rajesh Pandey:9866488410|UP32-AB-1187:Meera Tripathi:9879834723,Yes,44,Yes,"Tuberculosis:9,Malaria:34,Fracture:15,Accident/Trauma:15,Pneumonia:19,Typhoid:36"
58,Aditya Hospital,Vikas Nagar,Vikas Nagar,0522-2052512,26.8950,80.9500,3.8,200-700,Dr.Garima Trivedi:Urology:23:300|Dr.Amit Nigam:General Surgery:18:800|Dr.Divya Agarwal:ENT:5:250|Dr.Vikram Singh:General Surgery:14:250|Dr.Sunita Dwivedi:Neurology:21:800|Dr.Neha Pathak:Gastroenterology:21:500,A+:15|A-:14|B+:16|B-:13|O+:13|O-:7|AB+:11|AB-:9,UP32-AB-1188:Rajesh Sinha:9828574987|UP32-AB-1189:Sandeep Agarwal:9857986515,No,60,Yes,"Dengue:32,Chicken Pox:20,Skin Infection:27,Arthritis:33,Pneumonia:29,Diabetes:13,Typhoid:10"
59,Triloki Nath Hospital,Mahanagar,Mahanagar,0522-2695951,26.8750,80.9620,4.0,250-800,Dr.Arjun Saksena:General:15:250|Dr.Varun Chaturvedi:General Surgery:41:800|Dr.Ajay Yadav:Nephrology:27:600|Dr.Suresh Sinha:Gynecology:35:500|Dr.Rahul Saxena:Endocrinology:7:250|Dr.Rakesh Shukla:Ophthalmology:5:800|Dr.Neha Tripathi:Ophthalmology:38:600|Dr.Meera Saxena:ENT:35:400,A+:9|A-:6|B+:16|B-:5|O+:14|O-:11|AB+:9|AB-:9,UP32-AB-1190:Aman Sinha:9832200132|UP32-AB-1191:Sunita Bhargava:9875987872|UP32-AB-1192:Deepak Srivastava:9854411953,Yes,43,Yes,"Arthritis:32,Typhoid:31,Fracture:39,Tuberculosis:31,Malaria:8,Pneumonia:34"
60,Lal Bahadur Shastri Hospital,Keshav Nagar,Keshav Nagar,0522-2357938,26.8900,80.9400,3.6,150-500,Dr.Ajay Agarwal:Neurology:36:800|Dr.Suresh Singh:Nephrology:31:250|Dr.Rajesh Mehrotra:Orthopedics:43:600|Dr.Sunil Rastogi:Dermatology:34:400|Dr.Nisha Mehrotra:General:19:1000|Dr.Pankaj Agarwal:General Surgery:28:800|Dr.Ajay Singh:Neurology:19:250,A+:6|A-:18|B+:14|B-:4|O+:10|O-:14|AB+:17|AB-:7,UP32-AB-1193:Varun Singh:9844130133|UP32-AB-1194:Garima Mishra:9826206227|UP32-AB-1195:Anju Mishra:9871343676|UP32-AB-1196:Garima Saksena:9855356673,Yes,61,Yes,"Malaria:35,Jaundice:11,Fracture:34,Skin Infection:3,Allergy:36"
61,Jain Hospital,Rajajipuram,Rajajipuram,0522-2432794,26.8730,80.8830,3.7,200-600,Dr.Priya Nigam:Urology:42:500|Dr.Sanjay Saksena:Pediatrics:13:250|Dr.Rohit Tripathi:Ophthalmology:37:500|Dr.Varun Awasthi:ENT:22:500|Dr.Ritu Pandey:Endocrinology:13:300,A+:1|A-:4|B+:0|B-:11|O+:7|O-:10|AB+:11|AB-:4,UP32-AB-1197:Garima Mishra:9893774355|UP32-AB-1198:Manoj Tripathi:9856344519,Yes,47,Yes,"Fracture:33,Skin Infection:40,Malaria:39,Typhoid:29,Heart Attack:37,Migraine:21"
62,Saroj Hospital,Lucknow,Lucknow,0522-2822405,26.8500,80.9500,3.8,200-650,Dr.Sneha Kaushik:Cardiology:38:250|Dr.Suresh Dubey:Gynecology:8:800|Dr.Priya Mishra:Pulmonology:15:400|Dr.Rakesh Malhotra:General:23:300|Dr.Amit Trivedi:Endocrinology:11:600|Dr.Neha Dwivedi:Nephrology:20:600,A+:14|A-:3|B+:11|B-:10|O+:7|O-:16|AB+:14|AB-:3,UP32-AB-1199:Priya Sharma:9843734435|UP32-AB-1200:Garima Awasthi:9869467023|UP32-AB-1201:Neha Shukla:9896923747|UP32-AB-1202:Nisha Bhargava:9888971743,Yes,54,Yes,"Allergy:14,Jaundice:35,Heart Attack:10,Skin Infection:27,Pneumonia:5,Dengue:30"
63,Health Care Hospital,Gomtinagar,Gomtinagar,0522-2307835,26.8630,81.0190,4.0,300-900,Dr.Anita Nigam:Pulmonology:13:300|Dr.Rakesh Sharma:Ophthalmology:34:800|Dr.Kavita Verma:Gynecology:25:600|Dr.Priya Bhargava:Gastroenterology:36:1000|Dr.Alok Gupta:Ophthalmology:38:300|Dr.Sanjay Rastogi:Orthopedics:37:300|Dr.Varun Nigam:Nephrology:10:400|Dr.Neha Mishra:Ophthalmology:26:400,A+:13|A-:21|B+:0|B-:8|O+:19|O-:0|AB+:20|AB-:12,UP32-AB-1203:Pooja Shukla:9892369566|UP32-AB-1204:Pooja Verma:9853075436|UP32-AB-1205:Rohit Kaushik:9825216804,No,56,Yes,"Fever:34,Fracture:5,Chicken Pox:21,Migraine:15,Typhoid:23,Jaundice:35,Asthma:8"
64,Ram Krishna Hospital,Hardoi Road,Hardoi Road,0522-2660830,26.9150,80.9250,3.9,200-700,Dr.Meera Yadav:Cardiology:45:250|Dr.Anil Tripathi:Dermatology:32:1000|Dr.Meera Mishra:Urology:9:800|Dr.Kavita Sharma:Endocrinology:26:250|Dr.Vikram Gupta:General:16:1000|Dr.Rakesh Nigam:Orthopedics:41:1000|Dr.Neha Tiwari:Urology:29:500,A+:7|A-:14|B+:9|B-:13|O+:21|O-:12|AB+:21|AB-:15,UP32-AB-1206:Sunita Trivedi:9877489633|UP32-AB-1207:Meera Pandey:9850446607,Yes,53,Yes,"Typhoid:28,Arthritis:37,Fever:21,Asthma:12,Dengue:22,Migraine:26,Malaria:3,Tuberculosis:38"
65,Kamla Hospital,Alambagh,Alambagh,0522-2838504,26.8355,80.9065,3.6,200-600,Dr.Kavita Singh:General:5:600|Dr.Anju Nigam:Orthopedics:24:300|Dr.Alok Mishra:Urology:37:300|Dr.Sandeep Yadav:ENT:44:1000|Dr.Rakesh Mishra:Neurology:16:800,A+:10|A-:11|B+:12|B-:0|O+:3|O-:9|AB+:20|AB-:15,UP32-AB-1208:Meera Mishra:9887926229|UP32-AB-1209:Aman Agarwal:9857934299|UP32-AB-1210:Arjun Tripathi:9897976094,Yes,28,Yes,"Dengue:22,Diabetes:40,Skin Infection:12,Asthma:39,Jaundice:39,Heart Attack:26,Allergy:23"
66,Shivam Hospital,Indira Nagar,Indira Nagar,0522-2950328,26.8825,80.9845,4.0,250-800,Dr.Sneha Yadav:Cardiology:25:300|Dr.Neha Saksena:Urology:22:1000|Dr.Nisha Malhotra:Ophthalmology:35:500|Dr.Ajay Trivedi:Gastroenterology:36:600|Dr.Meera Yadav:Orthopedics:22:1000|Dr.Arjun Nigam:Dermatology:21:800|Dr.Sunita Dwivedi:Orthopedics:6:1000|Dr.Suresh Mehrotra:Nephrology:42:300,A+:16|A-:13|B+:17|B-:7|O+:10|O-:9|AB+:2|AB-:19,UP32-AB-1211:Manoj Malhotra:9872371131|UP32-AB-1212:Vikram Dubey:9858837208|UP32-AB-1213:Rajesh Tripathi:9842062038|UP32-AB-1214:Sandeep Bhargava:9879006257,Yes,68,Yes,"Heart Attack:34,Accident/Trauma:17,Hypertension:7,Arthritis:19,Fever:26,Malaria:17"
67,Lifeline Multispeciality Hospital,Telibagh,Telibagh,0522-2379818,26.8900,80.9400,4.1,250-900,Dr.Amit Tripathi:Dermatology:38:1000|Dr.Nisha Dubey:General Surgery:34:250|Dr.Amit Shukla:Ophthalmology:11:800|Dr.Anita Mehrotra:Pulmonology:42:600|Dr.Sanjay Dubey:Nephrology:28:600|Dr.Sunita Rastogi:Pulmonology:29:300|Dr.Anju Trivedi:Psychiatry:36:1000|Dr.Divya Awasthi:Cardiology:37:300|Dr.Ajay Yadav:ENT:9:600|Dr.Anita Mishra:Gynecology:16:300,A+:3|A-:5|B+:8|B-:6|O+:10|O-:14|AB+:8|AB-:5,UP32-AB-1215:Sandeep Shukla:9865149958|UP32-AB-1216:Suresh Srivastava:9815790734|UP32-AB-1217:Arjun Chaturvedi:9889503557|UP32-AB-1218:Sandeep Malhotra:9894495485,Yes,86,Yes,"Pneumonia:28,Heart Attack:39,Migraine:4,Jaundice:21,Dengue:8,Hypertension:16"
68,Balaji Hospital,Naka Hindola,Naka Hindola,0522-2186040,26.8550,80.9350,3.7,200-650,Dr.Ajay Awasthi:General Surgery:35:300|Dr.Neha Mehrotra:Urology:43:300|Dr.Sanjay Awasthi:Infertility:21:300|Dr.Ritu Pathak:Orthopedics:19:500|Dr.Rohit Malhotra:Neurology:6:300|Dr.Varun Mehrotra:Gynecology:43:250,A+:3|A-:13|B+:22|B-:14|O+:9|O-:11|AB+:8|AB-:12,UP32-AB-1219:Rajesh Bhargava:9897138408|UP32-AB-1220:Sneha Rastogi:9866463253|UP32-AB-1221:Nisha Sinha:9815830187|UP32-AB-1222:Sneha Srivastava:9874709513,No,41,Yes,"Tuberculosis:17,Accident/Trauma:8,Migraine:21,Asthma:37,Typhoid:29"
69,Sudhir Hospital,Lucknow,Lucknow,0522-2641603,26.8490,80.9530,3.6,200-600,Dr.Rakesh Mishra:Cardiology:5:600|Dr.Rahul Rastogi:Cardiology:29:800|Dr.Anil Saksena:Ophthalmology:31:400|Dr.Meera Malhotra:Urology:42:400|Dr.Rakesh Sinha:Urology:41:400,A+:10|A-:20|B+:12|B-:5|O+:13|O-:5|AB+:6|AB-:17,UP32-AB-1223:Sunil Chaturvedi:9856218720|UP32-AB-1224:Anju Dwivedi:9828531242|UP32-AB-1225:Rahul Dwivedi:9840839382,No,50,Yes,"Malaria:38,Diabetes:6,Typhoid:13,Hypertension:27,Heart Attack:3,Jaundice:8"
70,Nityanand Hospital,Lucknow,Lucknow,0522-2540869,26.8550,80.9380,3.8,200-700,Dr.Kavita Bajpai:Urology:10:250|Dr.Rakesh Srivastava:Psychiatry:10:600|Dr.Amit Dwivedi:Nephrology:30:600|Dr.Manoj Saksena:General:16:800|Dr.Aman Pathak:Cardiology:17:1000|Dr.Manoj Mishra:General:43:600,A+:9|A-:4|B+:9|B-:6|O+:2|O-:0|AB+:16|AB-:14,UP32-AB-1226:Alok Tripathi:9863035211|UP32-AB-1227:Anju Chaturvedi:9836885204|UP32-AB-1228:Rajesh Dwivedi:9819209640,Yes,47,Yes,"Arthritis:15,Chicken Pox:32,Fracture:28,Tuberculosis:39,Accident/Trauma:3,Malaria:19,Allergy:14"
71,Siddhartha Hospital,Aliganj,Aliganj,0522-2331067,26.9020,80.9320,3.9,250-800,Dr.Varun Rastogi:Neurology:40:250|Dr.Manoj Agarwal:Neurology:37:400|Dr.Rakesh Saksena:Endocrinology:29:600|Dr.Divya Bhargava:ENT:26:1000|Dr.Pankaj Tripathi:Endocrinology:42:1000|Dr.Suresh Bajpai:Neurology:21:250|Dr.Rohit Shukla:ENT:19:1000,A+:7|A-:14|B+:2|B-:9|O+:11|O-:16|AB+:3|AB-:17,UP32-AB-1229:Sunita Nigam:9833955951|UP32-AB-1230:Divya Agarwal:9857451057|UP32-AB-1231:Anil Chaturvedi:9846114740,Yes,47,Yes,"Diabetes:18,Asthma:25,Fracture:12,Tuberculosis:9,Accident/Trauma:10,Malaria:8,Typhoid:34,Chicken Pox:3"
72,Bhagwan Hospital,Mahanagar,Mahanagar,0522-2330984,26.8735,80.9615,3.7,200-650,Dr.Amit Sinha:General Surgery:28:600|Dr.Deepak Bajpai:Pulmonology:36:300|Dr.Anita Dubey:ENT:41:300|Dr.Priya Rastogi:Urology:35:600|Dr.Amit Rastogi:Psychiatry:30:1000|Dr.Sanjay Pathak:Neurology:38:500,A+:11|A-:11|B+:13|B-:19|O+:8|O-:19|AB+:11|AB-:19,UP32-AB-1232:Anita Bajpai:9892286747|UP32-AB-1233:Ritu Trivedi:9834684475,No,43,Yes,"Tuberculosis:31,Chicken Pox:14,Fracture:39,Arthritis:11,Diabetes:39,Accident/Trauma:17"
73,Prakash Hospital,Chowk,Chowk,0522-2589444,26.8655,80.9215,3.6,150-500,Dr.Meera Dwivedi:Pulmonology:20:600|Dr.Sneha Sinha:Nephrology:17:300|Dr.Kavita Bajpai:Cardiology:16:500|Dr.Aman Malhotra:Infertility:39:800|Dr.Deepak Kaushik:General Surgery:24:400,A+:13|A-:10|B+:14|B-:14|O+:12|O-:16|AB+:13|AB-:9,UP32-AB-1234:Ritu Tiwari:9858447502|UP32-AB-1235:Nisha Nigam:9884825240|UP32-AB-1236:Rakesh Trivedi:9812662253|UP32-AB-1237:Varun Singh:9857122567,Yes,43,Yes,"Allergy:31,Chicken Pox:8,Skin Infection:27,Hypertension:21,Migraine:32,Asthma:12"
74,Om Hospital,Jankipuram,Jankipuram,0522-2024223,26.8980,80.8980,3.8,200-600,Dr.Sandeep Shukla:Ophthalmology:31:800|Dr.Anju Sinha:Orthopedics:10:300|Dr.Ritu Srivastava:Ophthalmology:25:800|Dr.Manoj Saksena:Pulmonology:43:800|Dr.Anju Tiwari:Endocrinology:28:800|Dr.Ajay Saxena:Pediatrics:16:1000,A+:15|A-:15|B+:11|B-:21|O+:11|O-:7|AB+:9|AB-:13,UP32-AB-1238:Priya Sharma:9863286118|UP32-AB-1239:Vikram Singh:9845225746|UP32-AB-1240:Kavita Gupta:9897890153,No,39,Yes,"Asthma:36,Allergy:13,Jaundice:4,Skin Infection:5,Dengue:25,Tuberculosis:23"
75,Versailles Hospital,Hazratganj,Hazratganj,0522-2275754,26.8525,80.9448,4.3,500-2000,Dr.Divya Pathak:Pulmonology:40:500|Dr.Arjun Saksena:Pediatrics:42:600|Dr.Pankaj Shukla:Urology:38:800|Dr.Sunil Trivedi:General Surgery:39:300|Dr.Vikram Pathak:Gastroenterology:28:500|Dr.Rakesh Malhotra:Gastroenterology:5:250|Dr.Arjun Trivedi:Gastroenterology:35:600|Dr.Rajesh Saksena:General Surgery:35:400|Dr.Rajesh Bhargava:Urology:23:600|Dr.Neha Kaushik:Cardiology:40:400|Dr.Garima Saxena:Urology:30:300|Dr.Sandeep Saksena:Nephrology:29:300,A+:19|A-:16|B+:1|B-:10|O+:5|O-:5|AB+:10|AB-:20,UP32-AB-1241:Anita Saxena:9835233016|UP32-AB-1242:Sunita Yadav:9828337367|UP32-AB-1243:Manoj Singh:9895482292|UP32-AB-1244:Pankaj Awasthi:9870769389,Yes,112,Yes,"Skin Infection:14,Fever:9,Accident/Trauma:21,Fracture:20,Migraine:11,Jaundice:31"
76,South City Hospital,Lucknow,Lucknow,0522-2035138,26.8450,80.9560,3.9,250-800,Dr.Rajesh Srivastava:Orthopedics:14:250|Dr.Aman Mishra:Ophthalmology:31:400|Dr.Aman Trivedi:Endocrinology:7:400|Dr.Vikram Mehrotra:Gynecology:8:400|Dr.Anju Gupta:General Surgery:16:300|Dr.Rakesh Mehrotra:Nephrology:5:250|Dr.Pooja Dubey:Endocrinology:20:800,A+:15|A-:21|B+:19|B-:16|O+:13|O-:17|AB+:25|AB-:8,UP32-AB-1245:Amit Dwivedi:9883763371|UP32-AB-1246:Rahul Tiwari:9874589542,Yes,47,Yes,"Pneumonia:3,Diabetes:13,Malaria:20,Hypertension:40,Skin Infection:10,Fracture:28,Heart Attack:18"
77,Alina Hospital,Indira Nagar,Indira Nagar,0522-2585472,26.8805,80.9865,4.0,250-800,Dr.Rajesh Verma:General Surgery:43:300|Dr.Nisha Bhargava:Orthopedics:20:300|Dr.Aman Gupta:Ophthalmology:45:250|Dr.Priya Trivedi:Gynecology:39:1000|Dr.Meera Malhotra:General Surgery:19:400,A+:14|A-:2|B+:14|B-:5|O+:15|O-:20|AB+:9|AB-:14,UP32-AB-1247:Aman Saksena:9868720256|UP32-AB-1248:Manoj Nigam:9875779034,Yes,43,Yes,"Arthritis:38,Chicken Pox:13,Skin Infection:7,Fracture:36,Asthma:12,Accident/Trauma:31"
78,Rajwinder Hospital,Lucknow,Lucknow,0522-2672036,26.8540,80.9500,3.8,200-700,Dr.Manoj Mehrotra:Pulmonology:39:400|Dr.Pankaj Sharma:Infertility:29:800|Dr.Sanjay Sharma:Psychiatry:44:300|Dr.Deepak Dwivedi:Orthopedics:39:1000|Dr.Rohit Mishra:Infertility:36:1000|Dr.Kavita Awasthi:Gastroenterology:25:500,A+:10|A-:14|B+:11|B-:10|O+:15|O-:10|AB+:14|AB-:12,UP32-AB-1249:Meera Verma:9886639957|UP32-AB-1250:Rohit Tripathi:9875754558,Yes,31,Yes,"Asthma:8,Dengue:32,Fever:6,Jaundice:26,Malaria:38,Skin Infection:29,Arthritis:26"
79,Mohak Hospital,Gomtinagar,Gomtinagar,0522-2464531,26.8645,81.0170,4.1,300-1000,Dr.Priya Mehrotra:Pulmonology:38:250|Dr.Sunita Mehrotra:Gastroenterology:9:300|Dr.Meera Singh:ENT:39:500|Dr.Garima Mishra:Infertility:20:600|Dr.Sanjay Nigam:Urology:11:1000|Dr.Alok Tripathi:Endocrinology:32:250|Dr.Sandeep Kaushik:Pediatrics:40:500|Dr.Ritu Tripathi:Pediatrics:39:600,A+:23|A-:6|B+:0|B-:5|O+:15|O-:6|AB+:4|AB-:3,UP32-AB-1251:Pooja Chaturvedi:9883232714|UP32-AB-1252:Anil Dubey:9883851788|UP32-AB-1253:Rakesh Trivedi:9870720566,No,65,Yes,"Pneumonia:22,Allergy:3,Fever:22,Migraine:17,Dengue:16"
80,Kalpana Hospital,Alambagh,Alambagh,0522-2340464,26.8345,80.9068,3.7,200-600,Dr.Deepak Sharma:Pulmonology:40:600|Dr.Kavita Singh:General:34:400|Dr.Kavita Malhotra:Pulmonology:28:600|Dr.Pooja Srivastava:Pulmonology:24:250|Dr.Anju Chaturvedi:Dermatology:9:800,A+:12|A-:8|B+:16|B-:3|O+:0|O-:5|AB+:7|AB-:9,UP32-AB-1254:Rohit Gupta:9817505818|UP32-AB-1255:Ritu Trivedi:9868291349|UP32-AB-1256:Varun Sinha:9826178675|UP32-AB-1257:Neha Dwivedi:9897614538,Yes,45,Yes,"Pneumonia:35,Allergy:17,Arthritis:12,Heart Attack:6,Migraine:28,Fracture:31,Dengue:39,Jaundice:35"
81,Santoshi Hospital,Lucknow,Lucknow,0522-2207731,26.8500,80.9520,3.7,200-650,Dr.Vikram Srivastava:Urology:23:1000|Dr.Anju Malhotra:Gynecology:26:250|Dr.Divya Chaturvedi:General:40:500|Dr.Rakesh Gupta:Nephrology:37:500|Dr.Arjun Bhargava:Gynecology:35:600,A+:3|A-:12|B+:14|B-:19|O+:11|O-:7|AB+:21|AB-:16,UP32-AB-1258:Vikram Singh:9865510043|UP32-AB-1259:Sneha Trivedi:9856749089|UP32-AB-1260:Garima Agarwal:9856241350,Yes,49,Yes,"Heart Attack:17,Chicken Pox:15,Jaundice:26,Allergy:12,Dengue:8,Asthma:10,Fever:6"
